,total_population,median_household_income,population_below_poverty,renter_occupied_units,total_occupied_units,white_population,black_population,hispanic_population,county_fips,tract_code,prop_poverty,prop_renter,prop_nonwhite
0,2980,81750,193,759,1522,1344,1074,84,005,400701,0.06476510067114094,0.49868593955321944,0.548993288590604
1,2095,105417,338,86,654,1011,540,200,005,400702,0.1613365155131265,0.13149847094801223,0.5174224343675418
2,3060,84137,276,275,1051,1151,1059,70,005,400800,0.09019607843137255,0.26165556612749763,0.6238562091503268
3,2076,76992,102,229,713,919,510,478,005,400900,0.049132947976878616,0.3211781206171108,0.5573217726396917
4,2358,105139,71,239,781,1763,231,112,005,401000,0.030110262934690414,0.3060179257362356,0.25233248515691264
5,6164,79375,562,621,2315,1560,3464,353,005,401101,0.09117456197274497,0.2682505399568035,0.7469175859831279
6,809,48931,29,254,455,150,559,0,005,401102,0.03584672435105068,0.5582417582417583,0.8145859085290482
7,3746,73092,397,267,1252,814,2393,240,005,401200,0.10597971169247197,0.213258785942492,0.782701548318206
8,3825,63056,529,301,1396,443,2966,120,005,401301,0.13830065359477126,0.21561604584527222,0.8841830065359477
9,3141,59255,531,758,1468,768,2312,13,005,401302,0.16905444126074498,0.5163487738419619,0.7554918815663801
10,2268,80577,148,261,994,868,1029,153,005,403300,0.06525573192239859,0.2625754527162978,0.617283950617284
11,5766,103500,583,625,1922,4917,321,14,005,403500,0.10110995490808186,0.3251821019771072,0.1472424557752341
12,4790,103221,430,466,1775,4243,282,20,005,403601,0.08977035490605428,0.26253521126760565,0.11419624217118995
13,7197,118036,1331,371,2264,2272,1650,861,005,401504,0.18493816868139504,0.16386925795053003,0.6843129081561762
14,4511,83796,554,357,1484,1285,919,349,005,401505,0.12281090667257814,0.24056603773584906,0.7151407670139658
15,6004,83851,685,715,1996,243,5224,121,005,402302,0.11409060626249168,0.35821643286573146,0.959526982011992
16,7163,90189,521,882,2589,702,5920,0,005,402303,0.07273488761692029,0.3406720741599073,0.9019963702359347
17,6265,84643,435,1265,2450,3955,1671,137,005,403602,0.06943335993615324,0.5163265306122449,0.36871508379888274
18,8390,68008,765,2291,2811,1512,4245,1848,005,404202,0.09117997616209773,0.8150124510850231,0.8197854588796186
19,6671,80811,487,602,2517,3617,1954,112,005,404501,0.07300254834357668,0.2391736193881605,0.45780242842152596
20,3756,59696,748,455,1578,1700,950,583,005,404502,0.19914802981895632,0.28833967046894804,0.5473908413205537
21,6133,70536,771,1257,2279,1300,3275,590,005,404201,0.1257133539866297,0.5515577007459412,0.7880319582586011
22,3539,86009,309,318,1258,84,3178,0,005,402304,0.08731280022605256,0.2527821939586645,0.9762644814919469
23,4394,62738,470,1073,1582,304,3103,728,005,402306,0.10696404187528448,0.6782553729456384,0.9308147473827947
24,6077,54225,809,1616,2242,647,4784,500,005,402307,0.13312489715320058,0.72078501338091,0.89353299325325
25,1290,91731,142,484,786,988,104,49,005,408400,0.11007751937984496,0.6157760814249363,0.23410852713178298
26,4187,85879,511,908,1661,1586,490,768,005,408503,0.1220444232147122,0.5466586393738712,0.621208502507762
27,3623,132244,161,415,1472,2711,265,122,005,408505,0.04443831079216119,0.281929347826087,0.2517250897046647
28,6337,69667,1109,2779,3026,2634,1725,872,005,408507,0.1750039450844248,0.9183740912095175,0.584345905002367
29,3002,44926,789,869,1247,634,1800,352,005,492700,0.26282478347768157,0.6968724939855654,0.7888074616922052
30,3167,70817,616,877,1176,1742,1020,105,005,490303,0.19450584149036942,0.7457482993197279,0.4499526365645722
31,4522,61359,141,1294,1683,132,3817,487,005,402409,0.031180893409995577,0.7688651218062983,0.9708093763821318
32,5445,98343,169,963,2293,762,3720,174,005,402511,0.0310376492194674,0.4199738334060183,0.8600550964187328
33,4392,67966,961,1892,2432,2176,1642,108,005,490304,0.21880692167577415,0.7779605263157895,0.5045537340619308
34,4025,55712,565,1796,2144,400,3239,76,510,280301,0.14037267080745341,0.8376865671641791,0.9006211180124224
35,4938,102500,111,1312,2082,994,3431,0,005,402510,0.022478736330498177,0.6301633045148896,0.7987039287160794
36,2327,106016,178,219,1305,2165,46,116,005,403703,0.07649333906317146,0.167816091954023,0.06961753330468412
37,2217,83672,213,620,961,141,1916,50,005,402408,0.09607577807848444,0.6451612903225806,0.9364005412719891
38,4630,141647,191,619,1814,2344,2020,0,005,403704,0.04125269978401728,0.3412348401323043,0.4937365010799136
39,3844,67599,731,926,1519,1009,1652,0,005,411412,0.1901664932362123,0.6096115865701119,0.7375130072840791
40,3140,88333,125,313,1102,2179,413,162,005,411411,0.03980891719745223,0.28402903811252267,0.3060509554140127
41,3177,61604,101,1556,2509,2948,7,147,005,411413,0.03179099779666352,0.6201673973694699,0.07208057916273214
42,1975,119766,59,461,993,1638,76,44,510,240300,0.029873417721518986,0.46424974823766363,0.1706329113924051
43,4060,65956,438,567,1618,228,3109,337,510,250101,0.10788177339901478,0.3504326328800989,0.9438423645320198
44,3096,49530,398,831,1277,245,2608,48,510,250102,0.1285529715762274,0.6507439310884886,0.9208656330749354
45,3368,38922,595,1023,1700,1855,1109,179,510,250103,0.17666270783847982,0.601764705882353,0.4492280285035629
46,1750,39167,415,586,768,50,1657,23,510,250203,0.23714285714285716,0.7630208333333334,0.9714285714285714
47,2645,155444,65,441,1289,2255,124,84,510,240400,0.024574669187145556,0.3421256788207913,0.1474480151228733
48,4786,18904,2868,1519,1600,24,4694,0,510,250204,0.5992478061011283,0.949375,0.994985374007522
49,1493,102946,130,306,719,787,281,277,510,060300,0.087073007367716,0.42559109874826145,0.4728734092431346
50,1962,46657,227,571,912,824,405,463,510,260800,0.11569826707441386,0.6260964912280702,0.5800203873598369
51,2147,66000,690,530,756,116,1838,133,510,080800,0.32137866790870984,0.701058201058201,0.9459711224965067
52,3620,119386,281,1109,1922,2773,249,271,510,260900,0.0776243093922652,0.577003121748179,0.23397790055248624
53,1549,126477,83,318,795,1398,39,75,510,230200,0.05358295674628793,0.4,0.09748224661071658
54,4161,77204,246,299,1664,1689,1680,466,510,270501,0.05912040374909877,0.1796875,0.5940879596250901
55,2132,35000,781,579,916,50,2008,55,510,160200,0.36632270168855535,0.6320960698689956,0.9765478424015009
56,1541,30769,431,494,818,48,1433,51,510,100100,0.27968851395197925,0.6039119804400978,0.9688513951979234
57,1844,49063,360,563,855,127,1600,13,510,130300,0.19522776572668113,0.6584795321637427,0.9311279826464208
58,2935,63417,584,396,1143,935,1068,510,510,060100,0.1989778534923339,0.3464566929133858,0.6814310051107325
59,1099,61983,156,238,594,162,740,76,510,130805,0.14194722474977253,0.4006734006734007,0.8525932666060054
60,2023,16915,921,857,1033,95,1655,117,510,160100,0.4552644587246663,0.829622458857696,0.9530400395452299
61,2396,66795,183,667,1201,631,1690,0,510,130200,0.07637729549248748,0.5553705245628643,0.736644407345576
62,2092,45192,530,462,718,75,1943,59,510,130400,0.25334608030592737,0.6434540389972145,0.9641491395793499
63,3774,101333,234,738,1842,3290,30,127,510,130600,0.06200317965023847,0.4006514657980456,0.12824589295177535
64,4715,83789,500,1365,2635,3516,449,293,510,130700,0.10604453870625663,0.5180265654648957,0.2542948038176034
65,2352,76841,156,602,1291,1422,98,223,510,130803,0.0663265306122449,0.46630518977536795,0.39540816326530615
66,1530,70026,172,412,891,1213,142,56,510,130804,0.11241830065359477,0.4624017957351291,0.20718954248366017
67,2140,43355,458,407,719,4,1912,224,510,080301,0.21401869158878506,0.5660639777468707,0.9981308411214953
68,3668,38942,1117,816,1288,353,1694,1556,510,250205,0.30452562704471103,0.6335403726708074,0.9037622682660851
69,2199,29423,912,536,1044,113,2047,0,510,150100,0.4147339699863574,0.5134099616858238,0.9486130059117781
70,2190,34362,583,674,894,38,2152,0,510,090900,0.26621004566210044,0.7539149888143176,0.982648401826484
71,1590,51700,405,479,764,471,1047,25,510,120400,0.25471698113207547,0.6269633507853403,0.7037735849056603
72,2354,55671,257,1041,1041,86,2246,0,510,270701,0.10917587085811385,1.0,0.9634664401019541
73,1077,50962,342,159,336,57,849,73,510,080700,0.31754874651810583,0.4732142857142857,0.947075208913649
74,2867,117243,149,321,1331,2452,60,53,510,010200,0.05197070108126962,0.24117205108940645,0.14475061039414017
75,2226,20417,858,616,1080,19,2166,23,510,271801,0.38544474393531,0.5703703703703704,0.9914645103324349
76,3029,65156,465,348,1219,23,2341,544,510,150900,0.1535160118851106,0.28547990155865466,0.9924067348960053
77,1806,88266,447,330,849,808,659,26,510,261000,0.24750830564784054,0.38869257950530034,0.5526024363233666
78,2221,68836,457,325,981,1038,42,822,510,260700,0.20576316974335884,0.3312945973496432,0.5326429536244934
79,1695,21943,545,484,593,67,1549,0,510,160300,0.3215339233038348,0.8161888701517707,0.96047197640118
80,2578,68417,652,564,1083,936,1006,350,510,060200,0.2529092319627618,0.5207756232686981,0.6369278510473235
81,1224,49591,343,240,507,50,1174,0,510,200702,0.28022875816993464,0.47337278106508873,0.9591503267973857
82,1296,24896,634,421,552,241,956,72,510,260604,0.48919753086419754,0.7626811594202898,0.8140432098765432
83,3824,107895,338,1812,2436,2845,369,143,510,020300,0.08838912133891214,0.7438423645320197,0.2560146443514645
84,1451,63188,227,67,617,0,1403,28,510,280402,0.15644383184011026,0.1085899513776337,1.0
85,2755,152969,121,206,1344,2151,270,192,510,010100,0.043920145190562615,0.15327380952380953,0.2192377495462795
86,2075,152248,134,280,982,1763,0,86,510,010300,0.06457831325301205,0.285132382892057,0.15036144578313249
87,2961,132012,94,581,1544,2174,182,343,510,010400,0.031746031746031744,0.37629533678756477,0.2657885849375211
88,1914,108011,213,392,830,1354,116,273,510,010500,0.11128526645768025,0.472289156626506,0.2925809822361547
89,1698,108901,174,370,861,1122,237,239,510,020100,0.10247349823321555,0.429732868757259,0.33922261484098937
90,1480,87917,241,422,791,905,226,195,510,020200,0.16283783783783784,0.5335018963337548,0.3885135135135135
91,1709,35798,849,758,890,239,1425,16,510,030100,0.4967817437097718,0.851685393258427,0.8601521357519017
92,2885,39216,860,595,1402,0,2810,0,510,160500,0.29809358752166376,0.4243937232524964,1.0
93,1726,106118,185,221,706,1328,212,53,510,130806,0.10718424101969873,0.3130311614730878,0.23059096176129779
94,2803,38384,1408,700,1099,224,2358,64,510,140200,0.5023189439885837,0.6369426751592356,0.9200856225472708
95,1531,45086,227,598,878,173,1352,0,510,140300,0.14826910516002612,0.6810933940774487,0.8870019595035924
96,2393,46120,645,465,875,0,2376,8,510,150200,0.2695361470956958,0.5314285714285715,1.0
97,1284,20046,692,163,509,22,1261,0,510,150300,0.5389408099688473,0.32023575638506874,0.9828660436137072
98,3529,42266,499,881,1411,117,3279,44,510,150400,0.14139982998016434,0.6243798724309001,0.966846132048739
99,1376,45357,391,375,662,47,1141,97,510,150500,0.28415697674418605,0.5664652567975831,0.965843023255814
100,2840,28932,1121,1028,1339,32,2781,10,510,150600,0.3947183098591549,0.7677371172516804,0.9887323943661972
101,1901,57875,236,190,630,0,1860,0,510,150701,0.12414518674381904,0.30158730158730157,1.0
102,1748,47098,555,217,727,0,1730,18,510,150702,0.31750572082379863,0.2984869325997249,1.0
103,2478,38337,400,664,1159,84,2326,0,510,160600,0.16142050040355124,0.5729076790336497,0.9661016949152542
104,2299,45848,645,440,816,143,2076,11,510,271802,0.2805567638103523,0.5392156862745098,0.937799043062201
105,3216,62247,342,423,1418,841,1981,0,510,271900,0.10634328358208955,0.29830747531734836,0.7384950248756219
106,6166,49697,1238,780,1924,241,5470,374,510,151000,0.20077846253649043,0.40540540540540543,0.9609146934803763
107,6350,59264,1092,611,2797,159,5956,135,510,151100,0.17196850393700788,0.21844833750446907,0.9749606299212599
108,5176,51888,916,1117,2014,69,4622,134,510,150800,0.17697063369397217,0.554617676266137,0.9866692426584235
109,2319,72654,302,359,857,1525,512,100,510,250206,0.13022854678740836,0.41890315052508753,0.34238896075894787
110,1907,50125,335,744,836,56,1664,122,510,250207,0.17566858940744626,0.8899521531100478,0.9706345044572627
111,2238,28750,1097,500,798,159,1993,49,510,250301,0.49016979445933867,0.6265664160401002,0.9289544235924933
112,1952,45139,409,366,733,1200,390,129,510,250303,0.20952868852459017,0.49931787175989084,0.38524590163934425
113,4398,45044,905,900,1481,1787,1057,1205,510,250401,0.20577535243292405,0.6076975016880486,0.5936789449749886
114,3803,32385,1841,908,1525,1026,1573,949,510,250402,0.4840915067052327,0.5954098360655737,0.7302129897449382
115,6340,71584,454,989,2129,3841,1904,191,510,272003,0.07160883280757098,0.46453734147487086,0.3941640378548896
116,3074,52500,559,453,1176,74,2755,203,510,280101,0.18184775536759923,0.3852040816326531,0.9759271307742355
117,6619,53373,1497,902,2460,125,5879,431,510,280102,0.2261670947273002,0.36666666666666664,0.9811149720501586
118,5563,68750,884,357,1638,263,4998,40,510,280200,0.15890706453352507,0.21794871794871795,0.9527233507100485
119,3543,67500,266,891,1324,100,3255,24,510,280302,0.0750776178379904,0.6729607250755287,0.9717753316398532
120,2715,114630,428,725,1404,1583,611,195,510,030200,0.1576427255985267,0.5163817663817664,0.41694290976058934
121,5901,67277,869,4047,4193,2079,2242,576,510,040100,0.14726317573292663,0.9651800620081088,0.6476868327402135
122,1281,40625,350,392,406,500,484,62,510,040200,0.273224043715847,0.9655172413793104,0.60967993754879
123,1894,44735,490,618,880,960,590,45,510,060400,0.2587117212249208,0.7022727272727273,0.49313621964097154
124,2571,54506,859,358,713,34,2151,224,510,070100,0.33411124076234927,0.5021037868162693,0.9867755737067289
125,3229,36818,1271,561,992,128,2295,312,510,070200,0.3936203158872716,0.5655241935483871,0.9603592443480954
126,1120,48083,237,248,371,72,874,13,510,070300,0.21160714285714285,0.6684636118598383,0.9357142857142857
127,1589,25000,435,731,764,108,1138,84,510,070400,0.2737570799244808,0.9568062827225131,0.9320327249842668
128,4251,42073,855,925,2057,1732,1650,554,510,250500,0.20112914608327453,0.44968400583373846,0.5925664549517761
129,5100,68052,383,843,1926,1333,3234,306,510,260101,0.07509803921568628,0.43769470404984423,0.7386274509803922
130,4840,64446,381,455,1911,415,4161,122,510,260102,0.0787190082644628,0.23809523809523808,0.9142561983471075
131,5544,49574,646,1709,2413,750,4462,136,510,260201,0.11652236652236653,0.7082469954413593,0.8647186147186148
132,3065,58988,248,452,1486,572,2365,42,510,280401,0.08091353996737358,0.3041722745625841,0.8133768352365416
133,4171,51728,630,889,1864,813,2704,555,510,280403,0.15104291536801726,0.476931330472103,0.8050827139774634
134,2816,40156,959,677,1131,185,2523,53,510,280404,0.3405539772727273,0.5985853227232537,0.9343039772727273
135,3752,72694,409,449,1393,1133,2218,280,510,080101,0.10900852878464819,0.3223259152907394,0.6980277185501066
136,1804,30440,735,353,663,57,1702,5,510,080102,0.4074279379157428,0.5324283559577677,0.9684035476718403
137,757,48631,292,118,348,3,745,9,510,080200,0.3857331571994716,0.3390804597701149,0.9960369881109643
138,1988,45727,301,371,902,118,1820,0,510,080302,0.15140845070422534,0.4113082039911308,0.9406438631790744
139,1027,36029,198,296,456,34,985,0,510,080400,0.19279454722492698,0.6491228070175439,0.9668938656280428
140,1446,25529,629,276,527,139,1240,0,510,080500,0.43499308437067774,0.523719165085389,0.9038727524204703
141,1302,37596,407,381,591,29,1189,67,510,080600,0.31259600614439326,0.6446700507614214,0.977726574500768
142,3770,59701,654,753,1639,383,3184,55,510,090100,0.17347480106100796,0.45942647956070776,0.8984084880636605
143,3721,68112,666,898,1496,1940,865,153,005,411408,0.17898414404729912,0.6002673796791443,0.47863477559795753
144,2446,142237,151,243,978,1844,85,215,005,490603,0.06173344235486509,0.24846625766871167,0.24611610793131644
145,1679,166250,54,4,565,1381,5,164,005,401400,0.03216200119118523,0.007079646017699115,0.17748659916617038
146,6030,101875,293,376,2524,663,4879,146,005,402603,0.04859038142620232,0.14896988906497624,0.890049751243781
147,4399,138700,316,372,1794,3356,579,176,005,404900,0.07183450784269152,0.20735785953177258,0.23709934075926342
148,4699,120000,124,242,1694,4491,88,49,005,405000,0.026388593317727176,0.14285714285714285,0.04426473717812296
149,4113,154803,101,209,1491,3475,195,321,005,411202,0.024556284950158037,0.14017437961099932,0.15511791879406756
150,6599,107603,490,836,2623,4721,1005,289,005,411303,0.07425367479921201,0.31871902401829966,0.2845885740263676
151,3928,66359,370,713,1367,354,3257,88,005,441000,0.09419551934826884,0.5215801024140454,0.909877800407332
152,5002,82108,592,254,1966,2487,1333,526,005,441102,0.11835265893642544,0.12919633774160733,0.502798880447821
153,1839,59399,447,135,792,1480,182,121,005,421200,0.24306688417618272,0.17045454545454544,0.1952147906470908
154,2434,138750,24,113,836,1546,495,28,005,440600,0.009860312243221035,0.13516746411483255,0.36483155299917835
155,4160,70250,386,190,1648,3170,494,218,005,451200,0.09278846153846154,0.11529126213592233,0.23798076923076927
156,3959,66811,320,298,1777,3042,336,237,005,451802,0.08082849204344532,0.16769836803601576,0.231624147511998
157,3571,61477,278,129,1250,3095,161,42,005,452400,0.07784934192103052,0.1032,0.13329599551946236
158,4398,61471,200,1184,2316,3133,566,109,005,400100,0.04547521600727603,0.5112262521588946,0.28763074124602095
159,3237,237537,101,27,1215,2619,236,25,005,408303,0.031201729996910718,0.022222222222222223,0.190917516218721
160,5683,120203,189,193,2039,5010,119,223,005,407002,0.03325708252683442,0.0946542422756253,0.11842336793946862
161,3282,126250,249,35,1143,2954,24,44,005,407001,0.07586837294332724,0.03062117235345582,0.09993906154783672
162,8877,117704,174,360,3202,6350,733,331,005,411309,0.019601216627238932,0.11242973141786383,0.2846682437760505
163,4512,132547,76,88,1565,2921,743,298,005,411308,0.016843971631205674,0.05623003194888179,0.35261524822695034
164,2962,98068,249,407,1269,1699,1064,92,005,430200,0.08406482106684672,0.3207249802994484,0.4264010803511141
165,4841,111941,339,140,1785,2549,459,352,005,411410,0.07002685395579426,0.0784313725490196,0.47345589754183015
166,3475,73934,200,157,1313,2822,0,398,005,420100,0.05755395683453238,0.11957349581111958,0.18791366906474816
167,3308,84438,245,360,1575,2575,170,268,005,420200,0.07406287787182587,0.22857142857142856,0.22158403869407495
168,2335,48705,445,652,1035,1516,340,190,005,420301,0.1905781584582441,0.629951690821256,0.3507494646680942
169,2422,65733,368,421,903,1726,277,177,005,420302,0.15194054500412882,0.46622369878183834,0.2873658133773741
170,1158,94423,126,65,508,990,127,0,005,420303,0.10880829015544041,0.1279527559055118,0.14507772020725385
171,7426,56477,2180,1320,2222,3444,2960,852,005,420401,0.2935631564772421,0.594059405940594,0.5362240775653111
172,1931,68189,189,173,723,1226,257,234,005,420402,0.09787674779906784,0.2392807745504841,0.3650958052822372
173,3839,80783,398,456,1420,2637,167,700,005,420500,0.10367283146652774,0.3211267605633803,0.3131023704089607
174,4704,90100,930,326,1288,2663,841,706,005,420600,0.19770408163265307,0.2531055900621118,0.43388605442176875
175,3227,36429,983,697,1272,2014,262,740,005,420701,0.3046172916021072,0.5479559748427673,0.37589092035946703
176,2548,61667,690,176,804,1433,140,791,005,420702,0.2708006279434851,0.21890547263681592,0.4375981161695447
177,3182,61757,225,190,1322,2530,59,128,005,420800,0.07071024512884978,0.1437216338880484,0.20490257699560022
178,3878,55208,850,651,1459,2151,933,557,005,420900,0.21918514698298092,0.44619602467443453,0.4453326456936565
179,3000,53367,407,575,1244,2125,441,148,005,421101,0.13566666666666666,0.4622186495176849,0.29166666666666663
180,2621,60330,628,375,1089,1864,215,463,005,421102,0.2396032048836322,0.3443526170798898,0.2888210606638687
181,5212,55438,1274,1248,1923,2105,1959,774,005,430101,0.2444359171143515,0.6489859594383776,0.5961243284727552
182,3008,70855,431,735,1298,512,2474,10,005,402505,0.1432845744680851,0.5662557781201849,0.8297872340425532
183,2549,157917,38,62,1098,2223,33,16,005,408900,0.01490780698313064,0.056466302367941715,0.12789329148685757
184,4838,128000,234,183,1582,3239,696,166,005,411409,0.04836709384042993,0.11567635903919089,0.3305084745762712
185,2972,153333,94,52,1066,2736,41,71,005,411201,0.031628532974428,0.04878048780487805,0.07940780619111709
186,3814,97216,160,320,1493,2707,807,52,005,492002,0.04195070791819612,0.2143335565974548,0.29024646040901936
187,1362,175096,17,26,571,1158,135,8,005,403801,0.012481644640234948,0.04553415061295972,0.14977973568281944
188,5246,102171,652,281,1805,609,4113,84,005,402504,0.124285169653069,0.1556786703601108,0.8839115516584064
189,6525,120309,342,471,2712,4612,613,324,005,401503,0.05241379310344828,0.1736725663716814,0.29318007662835244
190,4243,69435,965,288,1274,2931,519,209,005,452500,0.22743341975017675,0.2260596546310832,0.30921517794013664
191,6358,97348,1374,1397,2088,4225,1722,68,005,403702,0.21610569361434415,0.6690613026819924,0.3354828562441019
192,2417,78906,356,225,834,1759,448,8,005,450400,0.14729002896152255,0.2697841726618705,0.27223831195697146
193,3324,133929,61,99,1440,2977,185,67,005,403803,0.018351383874849577,0.06875,0.1043922984356197
194,2234,115000,159,124,890,2120,17,21,005,411101,0.0711727842435094,0.1393258426966292,0.051029543419874646
195,5906,123272,259,756,2455,3228,1711,343,005,451701,0.043853708093464276,0.3079429735234216,0.45343718252624454
196,2267,123646,148,30,889,1815,98,62,005,430600,0.06528451698279665,0.03374578177727784,0.19938244375827086
197,5909,119936,372,408,2234,2611,1718,477,005,411306,0.06295481468945677,0.18263205013428827,0.5581316635640549
198,1923,190714,58,130,736,1531,29,71,005,408200,0.03016120644825793,0.1766304347826087,0.20384815392615707
199,2542,47182,323,655,1001,270,2116,89,005,402305,0.12706530291109364,0.6543456543456544,0.8937844217151849
200,5556,131121,192,427,2034,4762,159,249,005,408502,0.03455723542116631,0.20993117010816126,0.14290856731461488
201,3448,196008,213,310,1445,2947,20,234,005,490500,0.06177494199535963,0.21453287197231835,0.14530162412993042
202,6481,125812,576,326,2431,3791,1701,184,005,404402,0.08887517358432341,0.13410119292472233,0.41505940441289924
203,3363,113843,192,80,1245,3185,63,38,005,411102,0.057091882247992866,0.0642570281124498,0.052928932500743375
204,6046,175923,111,42,2173,5603,4,124,005,410100,0.01835924578233543,0.019328117809479982,0.07327158451869009
205,2106,85956,94,114,872,1522,351,67,005,492102,0.0446343779677113,0.13073394495412843,0.27730294396961064
206,2241,115952,127,42,886,1062,828,48,005,441101,0.05667112896028559,0.04740406320541761,0.5261044176706827
207,4368,105393,344,95,1693,3455,277,139,005,411406,0.07875457875457875,0.05611340815121087,0.20902014652014655
208,1602,141442,101,33,623,866,475,71,005,402202,0.06304619225967541,0.052969502407704656,0.45942571785268416
209,1962,24589,633,700,1060,1199,528,154,005,421000,0.32262996941896027,0.660377358490566,0.38888888888888884
210,3688,75815,420,246,1335,2437,163,629,005,450100,0.113882863340564,0.1842696629213483,0.33920824295010843
211,4957,62166,598,2124,2335,1375,2388,775,005,408506,0.12063748234819448,0.9096359743040685,0.7226144845672786
212,3765,71331,337,644,1497,2275,959,183,005,492600,0.0895086321381142,0.4301937207748831,0.39575033200531207
213,1773,103190,156,198,762,1092,319,122,005,491202,0.08798646362098139,0.25984251968503935,0.38409475465313025
214,4309,100128,423,390,1706,3102,366,399,005,430400,0.09816662798793223,0.22860492379835873,0.28011139475516356
215,3492,83662,466,845,1395,1672,1051,173,005,491300,0.13344788087056128,0.6057347670250897,0.5211912943871706
216,4111,70529,428,722,1748,2738,566,174,005,491701,0.10411092191680857,0.41304347826086957,0.3339819995135004
217,1224,69390,139,172,542,879,289,0,005,492001,0.11356209150326797,0.3173431734317343,0.2818627450980392
218,5128,61408,510,1865,2190,402,4209,229,005,491401,0.09945397815912636,0.8515981735159818,0.921606864274571
219,2712,59545,451,309,1112,1307,980,129,005,491600,0.16629793510324484,0.2778776978417266,0.5180678466076696
220,3257,74167,397,286,1098,982,1980,0,005,491402,0.12189131102241327,0.2604735883424408,0.6984955480503531
221,4152,79938,267,577,1830,2110,1428,532,005,491500,0.06430635838150289,0.3153005464480874,0.4918111753371869
222,1961,90385,174,92,752,1496,90,181,005,491900,0.0887302396736359,0.12234042553191489,0.23712391636919938
223,3834,81009,217,709,1679,2656,837,128,005,492101,0.056598852373500264,0.42227516378796903,0.30725091288471573
224,5147,128720,312,255,1983,4074,118,476,005,430700,0.060617835632407226,0.12859304084720122,0.20847095395375947
225,4689,105144,333,505,1423,352,3942,135,005,492401,0.0710172744721689,0.35488404778636684,0.9249306888462359
226,4908,28352,909,1227,1592,2149,463,561,510,120202,0.1852078239608802,0.7707286432160804,0.5621434392828035
227,3215,71451,258,516,1239,2431,493,202,510,272005,0.080248833592535,0.41646489104116224,0.24385692068429243
228,1962,102083,237,424,875,1313,251,186,510,120201,0.12079510703363915,0.4845714285714286,0.33078491335372073
229,4113,72558,254,1061,1774,2632,1087,232,510,272004,0.06175540967663506,0.5980834272829764,0.3600778020909312
230,3793,41394,659,1042,1593,1519,1781,191,510,272006,0.17374110203005536,0.6541117388575016,0.5995254416029527
231,2620,13036,1154,849,891,187,2346,1,510,280500,0.4404580152671756,0.9528619528619529,0.9286259541984733
232,2861,85893,317,518,1117,1630,560,22,005,400200,0.11080041943376442,0.4637421665174575,0.4302691366655016
233,6158,37273,1425,1934,2805,665,5104,143,510,260202,0.23140630074699578,0.6894830659536542,0.8920103929847353
234,2912,62107,649,591,1019,135,2526,0,510,260203,0.22287087912087913,0.5799803729146222,0.9536401098901099
235,4195,44297,1322,611,1403,291,3793,14,510,260301,0.31513706793802143,0.4354953670705631,0.9306317044100119
236,6247,51484,1616,666,2526,184,5894,0,510,260302,0.2586841684008324,0.26365795724465557,0.9705458620137666
237,2391,40298,703,469,1049,1086,0,1070,510,260401,0.2940192388122125,0.4470924690181125,0.5457967377666249
238,1292,50962,50,590,772,111,1176,0,510,260403,0.03869969040247678,0.7642487046632125,0.9140866873065016
239,4466,74403,398,618,1629,2210,537,1490,510,260501,0.08911777877295118,0.37937384898710863,0.5051500223914017
240,1281,51932,349,488,717,70,910,275,510,260303,0.2724434035909446,0.6806136680613668,0.9453551912568307
241,3937,119297,354,423,1577,3419,189,18,005,430800,0.08991617983235967,0.2682308180088776,0.1315722631445263
242,3443,91083,496,132,1338,801,2171,150,510,090200,0.14406041243101947,0.09865470852017937,0.7673540516990996
243,4955,63371,1643,1124,2075,752,4029,57,510,090300,0.33158425832492433,0.5416867469879518,0.848234106962664
244,1147,36680,317,466,617,151,854,86,510,090400,0.2763731473408893,0.7552674230145867,0.8683522231909329
245,1426,55500,321,267,570,246,993,0,510,090500,0.22510518934081347,0.46842105263157896,0.8274894810659187
246,2696,58897,518,462,833,43,2574,10,510,090600,0.19213649851632048,0.5546218487394958,0.9840504451038575
247,2849,36859,1067,430,960,11,2769,0,510,090700,0.3745173745173745,0.4479166666666667,0.9961389961389961
248,2437,82583,202,347,1068,1492,570,107,005,440200,0.08288879770209273,0.3249063670411985,0.3877718506360279
249,2025,68125,165,506,981,837,449,53,005,440300,0.08148148148148149,0.5158002038735984,0.5866666666666667
250,6062,85047,349,235,2326,3471,1722,563,005,440400,0.05757175849554602,0.10103181427343078,0.4274166941603431
251,4475,76438,416,908,1821,2322,1111,229,005,430900,0.09296089385474861,0.4986271279516749,0.4811173184357542
252,4293,103343,69,99,1626,3790,235,92,005,440100,0.01607267645003494,0.06088560885608856,0.11716748194735616
253,3314,43882,587,1007,1271,69,3207,38,510,260402,0.17712733856366927,0.7922895357985837,0.9791792395896198
254,1556,33750,483,308,440,678,127,718,510,260404,0.31041131105398456,0.7,0.56426735218509
255,3317,84896,198,127,1289,2718,321,140,005,440500,0.059692493216762135,0.09852598913886734,0.1805848658426289
256,6430,81320,845,1468,2747,2248,2973,616,005,440701,0.13141524105754276,0.5344011649071715,0.650388802488336
257,5269,73447,298,806,2143,1975,2271,94,005,440702,0.05655722148415259,0.37610825944937004,0.6251660656671095
258,3596,76895,366,851,1427,966,1475,441,005,440800,0.1017797552836485,0.5963559915907498,0.7313681868743047
259,3965,79046,344,842,1487,1039,2448,265,005,440900,0.08675914249684742,0.5662407531943511,0.7379571248423707
260,4851,77500,562,828,2048,3207,1202,58,005,492200,0.11585240156668727,0.404296875,0.3388991960420532
261,1944,29574,647,466,855,31,1821,0,510,090800,0.33281893004115226,0.5450292397660819,0.9840534979423868
262,2715,22529,1215,951,1048,68,2590,20,510,100200,0.44751381215469616,0.9074427480916031,0.9749539594843463
263,4312,94236,423,1242,2442,2301,634,430,510,120100,0.09809833024118739,0.5085995085995086,0.4663729128014842
264,2757,61103,413,1639,1924,1770,618,98,510,110100,0.1498005077983315,0.8518711018711018,0.3579978237214363
265,6135,70919,1190,3495,4113,2832,1726,365,510,110200,0.19396903015484923,0.849744711889132,0.5383863080684597
266,3954,70776,844,846,1542,1536,1854,229,510,120300,0.21345472938796156,0.5486381322957199,0.6115326251896813
267,4710,94097,554,499,1733,2975,1088,215,005,451803,0.11762208067940552,0.2879399884593191,0.3683651804670913
268,4429,74774,1350,408,1265,2872,1024,501,005,451500,0.3048092120117408,0.32252964426877473,0.3515466245202077
269,2266,56776,384,765,1230,766,1181,54,510,120500,0.16946160635481025,0.6219512195121951,0.6619593998234775
270,2805,30887,704,1357,1600,1195,1203,156,510,120600,0.25098039215686274,0.848125,0.5739750445632799
271,3423,14978,1893,1296,1517,97,3198,0,510,280600,0.5530236634531113,0.8543177323665129,0.9716622845457201
272,3260,62279,290,202,1267,2814,227,131,005,450200,0.08895705521472393,0.15943172849250198,0.13680981595092023
273,3383,99076,231,375,1331,2754,222,355,005,450300,0.06828258941767662,0.28174305033809166,0.18592964824120606
274,3869,49589,495,674,1690,3005,268,203,005,450501,0.12794003618506075,0.3988165680473373,0.22331351770483332
275,6102,65160,905,1570,2370,1110,3846,359,005,450503,0.1483120288430023,0.6624472573839663,0.8180924287118978
276,6246,40267,1233,2480,2668,1521,3829,307,005,450504,0.19740634005763688,0.9295352323838081,0.7564841498559078
277,5798,54569,976,728,1954,2381,710,2479,510,260605,0.16833390824422215,0.3725690890481064,0.5893411521214211
278,2175,151771,87,342,987,1793,61,108,510,261100,0.04,0.3465045592705167,0.17563218390804602
279,1453,92237,200,75,542,847,512,21,510,270101,0.13764624913971094,0.13837638376383765,0.41706813489332417
280,3357,54604,702,242,1364,625,2559,104,510,270102,0.20911528150134048,0.1774193548387097,0.8138218647602026
281,1686,102543,109,129,737,808,696,173,510,270200,0.06465005931198102,0.17503392130257803,0.5207591933570581
282,3492,84519,347,166,1217,990,2318,73,510,270301,0.09936998854524627,0.13640098603122433,0.7164948453608248
283,1752,71548,240,200,718,717,863,49,510,270302,0.136986301369863,0.2785515320334262,0.5907534246575342
284,4458,78162,625,669,1722,1792,2055,370,005,450800,0.1401973979362943,0.3885017421602787,0.5980260206370569
285,4393,113750,253,95,1664,3416,613,267,005,450900,0.05759162303664921,0.05709134615384615,0.22239927156840433
286,1822,131705,104,69,655,1602,55,31,005,451000,0.0570801317233809,0.10534351145038168,0.12074643249176731
287,2297,130153,94,175,729,1293,811,83,005,451100,0.04092294296909012,0.24005486968449932,0.43709185894645186
288,3334,51994,550,663,1370,1918,678,498,005,451300,0.16496700659868027,0.48394160583941603,0.42471505698860224
289,1846,78542,154,305,866,1463,74,216,005,451600,0.08342361863488625,0.35219399538106233,0.2074756229685807
290,3353,109219,239,154,1243,2879,31,0,005,452100,0.07127945123769758,0.12389380530973451,0.14136594094840438
291,2663,126048,105,193,1056,2535,18,50,005,451900,0.039429215170859934,0.18276515151515152,0.04806609087495306
292,2803,53221,776,423,1075,1502,547,631,005,452300,0.27684623617552623,0.39348837209302323,0.4641455583303603
293,2710,79911,176,165,1045,2256,210,0,005,452000,0.06494464944649446,0.15789473684210525,0.16752767527675272
294,3982,169911,93,0,1421,3268,77,191,005,490100,0.0233550979407333,0.0,0.17930688096433955
295,4532,80570,299,330,1786,1209,3038,47,510,270600,0.06597528684907325,0.18477043673012317,0.7332303618711385
296,5007,78711,696,533,1834,1292,3528,58,510,270401,0.1390053924505692,0.2906215921483097,0.7419612542440583
297,3782,92841,267,163,1205,1353,2321,29,510,270402,0.07059756742464304,0.13526970954356846,0.6422527763088313
298,3874,86905,321,386,1614,1475,2201,146,510,270502,0.08286009292720702,0.23915737298636927,0.6192565823438307
299,3260,29292,924,1015,1577,183,3012,0,510,151200,0.28343558282208586,0.6436271401395054,0.9438650306748466
300,4513,50341,918,758,1521,178,3969,184,510,151300,0.2034123642809661,0.4983563445101907,0.96055838688234
301,1566,31484,711,473,735,18,1459,0,510,160400,0.4540229885057471,0.6435374149659864,0.9885057471264368
302,1874,103229,59,59,743,1756,14,23,005,451702,0.03148345784418356,0.07940780619111709,0.0629669156883671
303,5609,75500,893,498,1908,3524,1107,326,005,451801,0.1592084150472455,0.2610062893081761,0.37172401497593155
304,3192,134766,215,38,1063,2194,58,93,005,490200,0.06735588972431078,0.03574788334901223,0.3126566416040101
305,3687,100669,221,534,1310,2654,537,114,005,490302,0.05994033089232438,0.4076335877862595,0.28017358285869265
306,2280,175000,24,84,844,2102,6,93,005,490601,0.010526315789473684,0.0995260663507109,0.07807017543859651
307,3015,118936,123,564,1320,2387,114,137,005,490602,0.04079601990049751,0.42727272727272725,0.20829187396351578
308,5069,10000,292,166,166,2758,1539,397,005,490605,0.05760505030578023,1.0,0.45590846320773326
309,1660,114509,69,218,643,1472,114,35,005,490701,0.04156626506024096,0.3390357698289269,0.11325301204819282
310,3711,44674,635,762,1480,0,3648,11,510,160700,0.171112907572083,0.5148648648648648,1.0
311,3131,48828,740,433,1174,40,2899,80,510,160801,0.23634621526668795,0.368824531516184,0.9872245289045034
312,3270,53472,935,417,1038,12,3243,0,510,160802,0.28593272171253825,0.40173410404624277,0.9963302752293578
313,2283,67011,147,627,1043,588,1492,47,510,270702,0.06438896189224705,0.6011505273250239,0.7424441524310118
314,3484,61875,246,308,1309,450,2750,0,510,270801,0.07060849598163031,0.23529411764705882,0.8708381171067738
315,3321,118454,194,352,1363,1461,1745,14,510,270703,0.058416139716952725,0.2582538517975055,0.5600722673893406
316,2472,204688,12,18,783,2068,78,75,005,491000,0.0048543689320388345,0.022988505747126436,0.1634304207119741
317,3799,153333,102,231,1218,2492,583,238,005,491100,0.026849170834430114,0.1896551724137931,0.3440379047117662
318,2941,112350,73,655,1565,2039,219,141,005,490703,0.024821489289357363,0.4185303514376997,0.30669840190411424
319,2033,84185,153,254,869,1273,528,17,005,491201,0.07525823905558288,0.29228998849252014,0.3738317757009346
320,3105,68835,836,542,1273,2663,57,107,005,490800,0.2692431561996779,0.4257659073055774,0.14235104669887277
321,4509,63452,1215,1658,2614,2919,1030,313,005,490900,0.2694610778443114,0.6342769701606733,0.3526280771789754
322,5774,55929,1044,1071,2467,194,4435,642,510,270802,0.18081052996189817,0.4341305229023105,0.9664011084170419
323,3962,149844,204,307,1512,2774,130,506,510,271400,0.05148914689550732,0.20304232804232805,0.29984856133266025
324,4363,113403,362,631,1777,3016,845,241,510,271501,0.08297043318817328,0.3550928531232414,0.3087325234930094
325,1966,68929,266,514,1006,1321,119,258,510,120700,0.1353001017293998,0.510934393638171,0.32807731434384535
326,3044,30048,868,1461,1732,226,2642,19,510,130100,0.2851511169513798,0.8435334872979214,0.9257555847568988
327,1805,38143,535,802,882,323,1274,80,510,170100,0.296398891966759,0.909297052154195,0.8210526315789474
328,2457,14192,1333,1277,1316,141,2222,12,510,170200,0.5425315425315426,0.9703647416413373,0.9426129426129426
329,2006,21895,725,677,912,0,1882,77,510,170300,0.3614157527417747,0.7423245614035088,1.0
330,1821,52000,198,400,750,507,764,173,510,190200,0.10873146622734761,0.5333333333333333,0.7215815485996705
331,2122,40000,639,674,839,562,1437,56,510,190300,0.30113100848256363,0.8033373063170441,0.7351555136663526
332,1437,39844,431,399,595,13,1337,34,510,200100,0.29993041057759223,0.6705882352941176,0.9909533750869868
333,1827,26551,724,405,777,74,1580,151,510,200200,0.39627805145046524,0.5212355212355212,0.9594964422550629
334,1025,35000,443,252,440,318,605,0,510,200300,0.4321951219512195,0.5727272727272728,0.6897560975609756
335,1188,39565,320,304,448,72,1015,36,510,200400,0.26936026936026936,0.6785714285714286,0.9393939393939394
336,5867,50529,587,1508,2731,292,5342,32,510,270803,0.10005113345832622,0.5521786891248627,0.950230100562468
337,5676,65571,424,520,1938,399,4823,301,510,270805,0.07470049330514447,0.26831785345717235,0.9297040169133193
338,3836,59142,412,868,1722,185,3363,56,510,270901,0.10740354535974973,0.5040650406504065,0.9517726798748697
339,4174,70119,239,262,1268,231,3539,38,510,270902,0.05725922376617154,0.20662460567823343,0.9446574029707715
340,2630,54617,435,831,1365,922,1173,272,510,270804,0.16539923954372623,0.6087912087912087,0.6494296577946768
341,935,71875,45,101,639,633,233,9,510,271503,0.0481283422459893,0.15805946791862285,0.3229946524064171
342,6292,45662,1758,1080,2324,2926,1824,992,005,430300,0.2794024157660521,0.46471600688468157,0.534965034965035
343,7200,72105,797,1717,2378,868,3027,1777,005,401507,0.11069444444444444,0.7220353238015139,0.8794444444444445
344,5828,98900,415,665,2316,3172,1453,485,005,404404,0.0712079615648593,0.28713298791019,0.45573095401509955
345,5680,90973,286,656,2218,2392,2058,496,005,404102,0.05035211267605634,0.2957619477006312,0.5788732394366197
346,5032,68533,940,770,2303,1741,2100,676,005,403402,0.18680445151033387,0.3343465045592705,0.6540143084260731
347,3604,85278,333,1007,1832,2059,1244,0,005,403401,0.09239733629300777,0.5496724890829694,0.4286903440621531
348,5327,49830,2469,1322,1877,1528,2974,154,005,451402,0.4634878918715975,0.7043153969099627,0.7131593767599024
349,5228,73504,407,922,1984,1376,3085,35,005,404403,0.07785003825554705,0.4647177419354839,0.7368018362662586
350,3896,98542,275,488,1419,723,1627,268,005,451401,0.07058521560574949,0.3439041578576462,0.8144250513347022
351,3815,63036,354,225,1514,3082,423,132,005,492300,0.0927916120576671,0.14861294583883752,0.1921363040629096
352,2904,73875,528,54,1036,1874,152,295,005,430104,0.18181818181818182,0.052123552123552123,0.35468319559228645
353,3516,99028,0,0,17,1686,1087,279,005,492500,0.0,0.0,0.5204778156996588
354,1841,57372,482,707,884,576,1140,56,510,180300,0.2618142313959804,0.7997737556561086,0.6871265616512765
355,1819,27386,761,585,783,90,1608,14,510,190100,0.41836173721825176,0.7471264367816092,0.9505222649807586
356,2002,28995,919,674,930,400,1304,261,510,200500,0.45904095904095904,0.7247311827956989,0.8001998001998002
357,2387,43869,514,603,1035,286,1881,97,510,200600,0.21533305404273145,0.5826086956521739,0.880184331797235
358,3774,39949,549,799,1810,38,3641,45,510,200701,0.14546899841017488,0.4414364640883978,0.9899311075781664
359,2214,54313,256,484,804,132,1867,59,510,200800,0.11562782294489611,0.6019900497512438,0.940379403794038
360,4992,62250,348,449,1270,588,3781,241,510,270903,0.06971153846153846,0.3535433070866142,0.8822115384615384
361,2300,40050,714,640,921,45,2077,11,510,271001,0.31043478260869567,0.6948968512486428,0.9804347826086957
362,3761,59625,661,528,1432,144,3384,233,510,271002,0.17575113001861206,0.3687150837988827,0.9617123105557033
363,2293,58583,419,418,885,937,818,237,510,271101,0.18273004797208897,0.47231638418079097,0.5913650239860444
364,4867,229743,15,18,497,2791,1221,254,510,271102,0.003081980686254366,0.03621730382293763,0.4265461269776043
365,6435,206680,135,354,2122,4773,803,165,510,271200,0.02097902097902098,0.16682375117813383,0.25827505827505826
366,2951,163667,133,403,1122,1830,327,419,510,271300,0.04506946797695696,0.3591800356506239,0.37987123009149437
367,2143,87433,223,487,1041,630,1243,52,510,210100,0.10405972935137657,0.4678194044188281,0.7060195986934205
368,4301,87581,696,1653,2642,2965,675,126,510,220100,0.16182283189955823,0.625662376987131,0.31062543594512904
369,1416,110125,204,534,746,1140,129,65,510,230300,0.1440677966101695,0.7158176943699732,0.19491525423728817
370,3457,157393,181,597,1779,2923,104,183,510,240100,0.052357535435348566,0.33558178752107926,0.15446919294185713
371,3711,47042,1001,977,1625,878,2043,432,510,210200,0.2697386149285907,0.6012307692307692,0.7634060900026947
372,2596,152722,41,533,1469,2212,126,92,510,240200,0.015793528505392913,0.36283185840707965,0.1479198767334361
373,3880,44303,1029,836,1367,248,3263,21,510,271600,0.2652061855670103,0.6115581565471836,0.9360824742268041
374,4638,47821,905,824,1742,424,3962,28,510,271700,0.1951272100043122,0.4730195177956372,0.9085812850366537
375,2111,102321,222,755,1171,1219,642,130,510,230100,0.10516342965419233,0.6447480785653288,0.4225485551871151
376,3853,63601,462,1411,2010,2132,1113,51,510,140100,0.1199065663119647,0.7019900497512438,0.4466649364131845
377,5409,153984,52,144,2009,4446,81,129,005,408704,0.009613606951377335,0.07167745146839223,0.1780366056572379
378,3163,97438,264,471,1309,1873,808,152,005,400600,0.08346506481188745,0.359816653934301,0.40784065760354093
379,2229,69904,271,70,856,118,2011,41,005,402403,0.12157918349035442,0.08177570093457943,0.9470614625392553
380,4355,124097,88,74,1563,3590,95,95,005,408601,0.020206659012629163,0.04734484964811261,0.17566016073478763
381,1980,153047,40,26,759,1538,56,75,005,408602,0.020202020202020204,0.034255599472990776,0.22323232323232323
382,2249,127039,30,201,902,1997,41,21,005,408702,0.013339261894175189,0.22283813747228381,0.11204979991107156
383,6635,109228,119,694,2818,5275,260,151,005,408703,0.017935192162773173,0.24627395315826828,0.20497362471740765
384,5431,49177,1283,1384,2332,270,3603,1433,005,402404,0.2362364205487019,0.5934819897084048,0.9502853986374517
385,2187,106500,106,322,932,1853,28,90,005,408800,0.04846822130772748,0.34549356223175964,0.15272062185642432
386,3443,90317,499,728,1448,1847,730,214,005,411307,0.14493174557072322,0.5027624309392266,0.46354923032239326
387,5261,130375,50,472,2355,3996,730,103,005,400400,0.009503896597605019,0.20042462845010617,0.24044858391940693
388,2795,171292,67,19,1003,2555,70,8,005,400500,0.023971377459749553,0.018943170488534396,0.08586762075134169
389,3697,57353,822,1001,1538,1319,2003,180,510,272007,0.22234243981606708,0.6508452535760728,0.6432242358669191
390,2141,152917,96,24,780,1639,150,178,005,404800,0.044838860345632885,0.03076923076923077,0.23446987389070528
391,5446,143133,71,43,2058,4660,401,194,005,406000,0.013037091443261109,0.02089407191448008,0.1443261109070878
392,2754,109762,240,186,1104,2618,44,0,005,404600,0.08714596949891068,0.16847826086956522,0.04938271604938271
393,6957,103125,820,118,2348,823,5592,158,005,402604,0.11786689665085526,0.05025553662691652,0.8817018829955441
394,3159,235821,241,19,985,2664,28,73,005,403802,0.07628996517885407,0.019289340101522844,0.15669515669515666
395,5084,175592,158,40,1775,4618,121,117,005,410200,0.03107789142407553,0.022535211267605635,0.0916601101494886
396,1954,191429,156,27,640,1779,19,49,005,490400,0.07983623336745138,0.0421875,0.08955987717502556
397,5453,59323,911,1539,2261,912,3589,723,005,402503,0.16706400146708233,0.680672268907563,0.8327526132404182
398,2909,162083,114,54,1182,2414,33,50,005,408302,0.03918872464764524,0.04568527918781726,0.17016156754898593
399,6426,132188,146,722,2419,5314,551,100,005,408100,0.022720199190787427,0.29847044233154196,0.17304699657640832
400,4109,139904,318,115,1312,2818,530,163,005,411302,0.07739109272329034,0.08765243902439024,0.3141883669992699
401,3397,85920,509,110,1107,1422,1456,279,005,402201,0.14983809243450102,0.0993676603432701,0.5813953488372092
402,3482,122938,38,53,1227,2867,166,95,005,411404,0.010913268236645606,0.04319478402607987,0.17662263067202755
403,2225,74960,440,22,780,101,2077,22,005,403202,0.19775280898876405,0.028205128205128206,0.9546067415730337
404,3901,59167,676,604,1460,450,3000,404,005,402405,0.173288900281979,0.4136986301369863,0.8846449628300436
405,4672,93750,153,206,1747,318,3736,129,005,402506,0.032748287671232876,0.1179164281625644,0.9319349315068494
406,2063,100839,197,111,747,344,1560,74,005,402602,0.0954920019389239,0.14859437751004015,0.8332525448376151
407,3470,92366,202,31,1251,375,2382,595,005,403201,0.05821325648414986,0.02478017585931255,0.8919308357348703
408,4708,80444,789,707,1816,403,3580,164,005,401506,0.16758708581138487,0.3893171806167401,0.9144010195412065
409,1136,79861,33,221,536,230,757,33,005,402407,0.029049295774647887,0.4123134328358209,0.7975352112676056
410,6745,112595,426,991,3120,2891,2831,187,005,404101,0.06315789473684211,0.3176282051282051,0.5713862120088955
411,6646,102174,527,1229,3034,1260,4586,47,005,492402,0.07929581703280168,0.4050758075148319,0.8104122780619922
412,4745,94412,154,536,2292,3871,159,144,005,408304,0.032455216016859856,0.2338568935427574,0.18419388830347738
413,2411,93879,97,159,814,519,1693,113,005,403100,0.040232268768146,0.19533169533169534,0.7847366238075487
